[
      {
            "customerId": 1,
            "orderItems": [
                {"id": 1, "productName": "Baseball", "itemCost": 9.99},
                {"id": 2, "productName": "Bat", "itemCost": 19.99}
            ]
      },
      {
            "customerId": 2,
            "orderItems": [
                {"id": 3, "productName": "Basketball", "itemCost": 7.99},
                {"id": 4, "productName": "Shoes", "itemCost": 199.99}
            ]
      },
      {
            "customerId": 3,
            "orderItems": [
                {"id": 5, "productName": "Frisbee", "itemCost": 2.99},
                {"id": 6, "productName": "Hat", "itemCost": 5.99}
            ]
      },
      {
            "customerId": 4,
            "orderItems": [
                {"id": 7, "productName": "Boomerang", "itemCost": 29.99},
                {"id": 8, "productName": "Helmet", "itemCost": 19.99},
                {"id": 9, "productName": "Kangaroo Saddle", "itemCost": 179.99}
            ]
      },
      {
            "customerId": 5,
            "orderItems": [
                {"id": 10, "productName": "Budgie Smugglers", "itemCost": 19.99},
                {"id": 11, "productName": "Swimming Cap", "itemCost": 5.49}
            ]
      },
      {
            "customerId": 6,
            "orderItems": [
                {"id": 12, "productName": "Bow", "itemCost": 399.99},
                {"id": 13, "productName": "Arrows", "itemCost": 69.99}
            ]
      },
      {
            "customerId": 7,
            "orderItems": [
                {"id": 14, "productName": "Baseball", "itemCost": 9.99},
                {"id": 15, "productName": "Bat", "itemCost": 19.99}
            ]
      },
      {
            "customerId": 8,
            "orderItems": [
                {"id": 16, "productName": "Surfboard", "itemCost": 299.99},
                {"id": 17, "productName": "Wax", "itemCost": 5.99},
                {"id": 18, "productName": "Shark Repellent", "itemCost": 15.99}
            ]
      },
      {
            "customerId": 9,
            "orderItems": [
                {"id": 19, "productName": "Saddle", "itemCost": 599.99},
                {"id": 20, "productName": "Riding cap", "itemCost": 79.99}
            ]
      },
      {
            "customerId": 10,
            "orderItems": [
                {"id": 21, "productName": "Baseball", "itemCost": 9.99},
                {"id": 22, "productName": "Bat", "itemCost": 19.99}
            ]
      }
]